MinimalRank;FilteredOutliers;MeanAveragePrecision;MeanReciprocalRank;TopkAccuracy@1;TopkAccuracy@5;TopkAccuracy@10;TopkAccuracy@15;TopkAccuracy@20;TopkAccuracy@25;TopkAccuracy@30;TopkAccuracy@35;TopkAccuracy@21;TopkAccuracy@108;TopkAccuracy@267
-1;0;0.12285650705634917;0.22784754597129847;0.1383248730964467;0.30456852791878175;0.40482233502538073;0.4593908629441624;0.4936548223350254;0.5279187817258884;0.5571065989847716;0.5774111675126904;0.4987309644670051;0.7461928934010152;0.8629441624365483
267;106;0.14163967373530462;0.2629598569425732;0.1598240469208211;0.3519061583577713;0.46774193548387094;0.530791788856305;0.5703812316715543;0.6099706744868035;0.6436950146627566;0.6671554252199413;0.5762463343108505;0.8621700879765396;0.9970674486803519
108;197;0.1625454689123375;0.3024734608322081;0.1844331641285956;0.40609137055837563;0.5397631133671743;0.6125211505922166;0.6582064297800339;0.7038917089678511;0.7428087986463621;0.7698815566835872;0.6649746192893401;0.9949238578680203;1.0
21;388;0.23207021427125216;0.43631247161636083;0.2725;0.6;0.7975;0.905;0.9725;1.0;1.0;1.0;0.9825;1.0;1.0
