MinimalRank;FilteredOutliers;MeanAveragePrecision;MeanReciprocalRank;TopkAccuracy@1;TopkAccuracy@5;TopkAccuracy@10;TopkAccuracy@15;TopkAccuracy@20;TopkAccuracy@25;TopkAccuracy@30;TopkAccuracy@35;TopkAccuracy@84;TopkAccuracy@270;TopkAccuracy@655
-1;4;0.04830665590940792;0.10397114115356909;0.050761421319796954;0.14382402707275804;0.20304568527918782;0.2622673434856176;0.2910321489001692;0.31810490693739424;0.34517766497461927;0.36209813874788493;0.49915397631133673;0.7478849407783418;0.8815566835871405
655;74;0.054678233641653924;0.11782788221474326;0.05758157389635317;0.16314779270633398;0.23032629558541268;0.29750479846449135;0.33013435700575816;0.36084452975047987;0.3915547024952015;0.4107485604606526;0.5662188099808061;0.8483685220729367;1.0
270;152;0.06381182094149093;0.1381522715209372;0.06772009029345373;0.19187358916478556;0.2708803611738149;0.34988713318284426;0.38826185101580135;0.42437923250564336;0.4604966139954853;0.48306997742663654;0.6659142212189616;0.9977426636568849;1.0
84;299;0.09228537818087053;0.2034019685714585;0.10135135135135136;0.28716216216216217;0.40540540540540543;0.5236486486486487;0.581081081081081;0.6351351351351351;0.6891891891891891;0.722972972972973;0.9966216216216216;1.0;1.0
