MinimalRank;FilteredOutliers;MeanAveragePrecision;MeanReciprocalRank;TopkAccuracy@1;TopkAccuracy@5;TopkAccuracy@10;TopkAccuracy@15;TopkAccuracy@20;TopkAccuracy@25;TopkAccuracy@30;TopkAccuracy@35;TopkAccuracy@2;TopkAccuracy@7;TopkAccuracy@16
-1;0;0.3668112699986445;0.48152771020209156;0.3373015873015873;0.6607142857142857;0.8035714285714286;0.8472222222222222;0.8849206349206349;0.9007936507936508;0.9126984126984127;0.9206349206349206;0.4583333333333333;0.7261904761904762;0.8551587301587301
16;70;0.4218322698529787;0.5549882461443859;0.391705069124424;0.7672811059907834;0.9331797235023042;0.9838709677419355;1.0;1.0;1.0;1.0;0.532258064516129;0.8433179723502304;0.9930875576036866
7;118;0.46351349070982034;0.6131445842585737;0.44041450777202074;0.8626943005181347;1.0;1.0;1.0;1.0;1.0;1.0;0.5984455958549223;0.9481865284974094;1.0
2;224;0.573906823337651;0.7744047619047624;0.6071428571428571;1.0;1.0;1.0;1.0;1.0;1.0;1.0;0.825;1.0;1.0
