MinimalRank;FilteredOutliers;MeanAveragePrecision;MeanReciprocalRank;TopkAccuracy@1;TopkAccuracy@5;TopkAccuracy@10;TopkAccuracy@15;TopkAccuracy@20;TopkAccuracy@25;TopkAccuracy@30;TopkAccuracy@35;TopkAccuracy@2;TopkAccuracy@9;TopkAccuracy@22
-1;0;0.17877155451034668;0.4767372110326936;0.3409090909090909;0.6439393939393939;0.75;0.8143939393939394;0.8579545454545454;0.8731060606060606;0.884469696969697;0.8920454545454546;0.4602272727272727;0.7424242424242424;0.8636363636363636
22;69;0.20200534804162001;0.5463400958917333;0.39215686274509803;0.7407407407407407;0.8627450980392157;0.9368191721132898;0.9869281045751634;1.0;1.0;1.0;0.5294117647058824;0.8540305010893247;0.9934640522875817
9;132;0.2198369789152045;0.6224537037037031;0.45454545454545453;0.8585858585858586;1.0;1.0;1.0;1.0;1.0;1.0;0.6136363636363636;0.98989898989899;1.0
2;239;0.2426066045511718;0.784890426758939;0.6228373702422145;1.0;1.0;1.0;1.0;1.0;1.0;1.0;0.8408304498269896;1.0;1.0
