MinimalRank;FilteredOutliers;MeanAveragePrecision;MeanReciprocalRank;TopkAccuracy@1;TopkAccuracy@5;TopkAccuracy@10;TopkAccuracy@15;TopkAccuracy@20;TopkAccuracy@25;TopkAccuracy@30;TopkAccuracy@35;TopkAccuracy@23;TopkAccuracy@113;TopkAccuracy@275
-1;0;0.11235322007674692;0.19238080816291464;0.11507936507936507;0.2619047619047619;0.3492063492063492;0.41865079365079366;0.4781746031746032;0.5158730158730159;0.5476190476190477;0.5833333333333334;0.498015873015873;0.748015873015873;0.8670634920634921
275;67;0.12923421986171024;0.22154362989146664;0.13272311212814644;0.30205949656750575;0.40274599542334094;0.482837528604119;0.551487414187643;0.5949656750572082;0.631578947368421;0.6727688787185355;0.5743707093821511;0.8627002288329519;1.0
113;125;0.14806975646343984;0.2545153046327259;0.15303430079155672;0.3482849604221636;0.46437994722955145;0.5567282321899736;0.6358839050131926;0.6860158311345647;0.7282321899736148;0.7757255936675461;0.662269129287599;0.9947229551451188;1.0
23;244;0.20773701787368787;0.36172370428466616;0.2230769230769231;0.5076923076923077;0.676923076923077;0.8115384615384615;0.926923076923077;1.0;1.0;1.0;0.9653846153846154;1.0;1.0
