MinimalRank;FilteredOutliers;MeanAveragePrecision;MeanReciprocalRank;TopkAccuracy@1;TopkAccuracy@5;TopkAccuracy@10;TopkAccuracy@15;TopkAccuracy@20;TopkAccuracy@25;TopkAccuracy@30;TopkAccuracy@35;TopkAccuracy@4;TopkAccuracy@15;TopkAccuracy@35
-1;4;0.1308368298616904;0.37385072875740494;0.23011844331641285;0.5346869712351946;0.6903553299492385;0.7445008460236887;0.7766497461928934;0.8189509306260575;0.8307952622673435;0.8578680203045685;0.49746192893401014;0.7445008460236887;0.8578680203045685
35;86;0.14712750639896174;0.43192739114301976;0.26719056974459726;0.6208251473477406;0.8015717092337917;0.8644400785854617;0.9017681728880157;0.9508840864440079;0.9646365422396856;0.9960707269155207;0.5776031434184676;0.8644400785854617;0.9960707269155207
15;151;0.1585355270340094;0.4890768890768885;0.3063063063063063;0.7117117117117117;0.918918918918919;0.990990990990991;1.0;1.0;1.0;1.0;0.6621621621621622;0.990990990990991;1.0
4;279;0.17926459008563866;0.63918776371308;0.43037974683544306;1.0;1.0;1.0;1.0;1.0;1.0;1.0;0.930379746835443;1.0;1.0
